fixed,noise,batches,learning rate,batch_size,per_batch,dropout,k_conv,n_conv1,n_conv2,n_layer,n_steps,train step,xentropy,rmse,accuracy
False,True,10,0.005,100,500,0.99,3,2,7,2,100,0,4.60314,0.0994378,0.0111
False,True,10,0.005,100,500,0.99,3,2,7,2,100,10,4.07834,0.0990364,0.0468
False,True,10,0.005,100,500,0.99,3,2,7,2,100,20,4.05658,0.0990126,0.0489
False,True,10,0.005,100,500,0.99,3,2,7,2,100,30,4.04763,0.0989889,0.0501
False,True,10,0.005,100,500,0.99,3,2,7,2,100,40,3.97976,0.0988444,0.0538
False,True,10,0.005,100,500,0.99,3,2,7,2,100,50,3.91539,0.0987583,0.0389
False,True,10,0.005,100,500,0.99,3,2,7,2,100,60,3.71292,0.0984348,0.061
False,True,10,0.005,100,500,0.99,3,2,7,2,100,70,3.60764,0.0980352,0.0808
False,True,10,0.005,100,500,0.99,3,2,7,2,100,80,3.6409,0.0981314,0.0827
False,True,10,0.005,100,500,0.99,3,2,7,2,100,90,3.47547,0.0972381,0.1311
False,True,10,0.005,100,500,0.99,3,2,7,2,100,100,3.26812,0.0964571,0.1121
False,True,10,0.005,100,500,0.99,3,2,7,2,100,110,3.15182,0.0961605,0.1175
False,True,10,0.005,100,500,0.99,3,2,7,2,100,120,3.08825,0.0952224,0.1506
False,True,10,0.005,100,500,0.99,3,2,7,2,100,130,3.01673,0.0959233,0.1473
False,True,10,0.005,100,500,0.99,3,2,7,2,100,140,2.97617,0.0948183,0.177
False,True,10,0.005,100,500,0.99,3,2,7,2,100,150,2.99925,0.0949486,0.1793
False,True,10,0.005,100,500,0.99,3,2,7,2,100,160,2.95539,0.0952079,0.1664
False,True,10,0.005,100,500,0.99,3,2,7,2,100,170,3.0365,0.0955342,0.1194
False,True,10,0.005,100,500,0.99,3,2,7,2,100,180,2.89009,0.0945173,0.1897
False,True,10,0.005,100,500,0.99,3,2,7,2,100,190,2.70549,0.0927256,0.2123
False,True,10,0.005,100,500,0.99,3,2,7,2,100,200,2.72435,0.0920941,0.2277
False,True,10,0.005,100,500,0.99,3,2,7,2,100,210,2.60184,0.091156,0.2426
False,True,10,0.005,100,500,0.99,3,2,7,2,100,220,2.88395,0.0931143,0.1944
False,True,10,0.005,100,500,0.99,3,2,7,2,100,230,2.69677,0.0908424,0.2441
False,True,10,0.005,100,500,0.99,3,2,7,2,100,240,2.70058,0.0900751,0.2777
False,True,10,0.005,100,500,0.99,3,2,7,2,100,250,2.69674,0.0910741,0.2558
False,True,10,0.005,100,500,0.99,3,2,7,2,100,260,2.68277,0.0910322,0.2914
False,True,10,0.005,100,500,0.99,3,2,7,2,100,270,2.46236,0.0881637,0.3018
False,True,10,0.005,100,500,0.99,3,2,7,2,100,280,2.40923,0.086121,0.3442
False,True,10,0.005,100,500,0.99,3,2,7,2,100,290,2.48306,0.0870206,0.3051
False,True,10,0.005,100,500,0.99,3,2,7,2,100,300,2.35353,0.0862526,0.3488
False,True,10,0.005,100,500,0.99,3,2,7,2,100,310,2.8546,0.0898657,0.2798
False,True,10,0.005,100,500,0.99,3,2,7,2,100,320,2.62927,0.0889308,0.3033
False,True,10,0.005,100,500,0.99,3,2,7,2,100,330,2.28222,0.0848061,0.376
False,True,10,0.005,100,500,0.99,3,2,7,2,100,340,2.2209,0.0831727,0.4034
False,True,10,0.005,100,500,0.99,3,2,7,2,100,350,2.02061,0.0810439,0.4577
False,True,10,0.005,100,500,0.99,3,2,7,2,100,360,1.83606,0.0793194,0.4594
False,True,10,0.005,100,500,0.99,3,2,7,2,100,370,1.86908,0.0791596,0.4986
False,True,10,0.005,100,500,0.99,3,2,7,2,100,380,1.71271,0.0762004,0.5082
False,True,10,0.005,100,500,0.99,3,2,7,2,100,390,1.60453,0.0752523,0.5337
False,True,10,0.005,100,500,0.99,3,2,7,2,100,400,1.58384,0.0743123,0.5422
False,True,10,0.005,100,500,0.99,3,2,7,2,100,410,1.54933,0.0717586,0.5909
False,True,10,0.005,100,500,0.99,3,2,7,2,100,420,1.49072,0.0719616,0.5795
False,True,10,0.005,100,500,0.99,3,2,7,2,100,430,1.41777,0.0730901,0.5621
False,True,10,0.005,100,500,0.99,3,2,7,2,100,440,1.41085,0.0720813,0.5729
False,True,10,0.005,100,500,0.99,3,2,7,2,100,450,1.79612,0.0806284,0.4869
False,True,10,0.005,100,500,0.99,3,2,7,2,100,460,1.70182,0.0792189,0.517
False,True,10,0.005,100,500,0.99,3,2,7,2,100,470,1.62031,0.0765053,0.535
False,True,10,0.005,100,500,0.99,3,2,7,2,100,480,1.5351,0.0737838,0.5678
False,True,10,0.005,100,500,0.99,3,2,7,2,100,490,1.35613,0.0700186,0.6287
False,True,10,0.005,100,500,0.99,3,2,7,2,100,500,1.46418,0.0733934,0.5464
False,True,10,0.005,100,500,0.99,3,2,7,2,100,510,4.46205,0.0997354,0.0339
False,True,10,0.005,100,500,0.99,3,2,7,2,100,520,4.20375,0.0991355,0.0434
False,True,10,0.005,100,500,0.99,3,2,7,2,100,530,3.99623,0.0984076,0.07
False,True,10,0.005,100,500,0.99,3,2,7,2,100,540,3.81746,0.0979716,0.0938
False,True,10,0.005,100,500,0.99,3,2,7,2,100,550,3.71694,0.0979715,0.0851
False,True,10,0.005,100,500,0.99,3,2,7,2,100,560,3.69167,0.0973109,0.0971
False,True,10,0.005,100,500,0.99,3,2,7,2,100,570,3.39457,0.0958862,0.1324
False,True,10,0.005,100,500,0.99,3,2,7,2,100,580,3.0551,0.0940151,0.2166
False,True,10,0.005,100,500,0.99,3,2,7,2,100,590,2.71518,0.0912765,0.292
False,True,10,0.005,100,500,0.99,3,2,7,2,100,600,2.50196,0.0891875,0.322
False,True,10,0.005,100,500,0.99,3,2,7,2,100,610,2.24883,0.0863513,0.3569
False,True,10,0.005,100,500,0.99,3,2,7,2,100,620,2.5521,0.088573,0.3258
False,True,10,0.005,100,500,0.99,3,2,7,2,100,630,1.9325,0.0824988,0.4221
False,True,10,0.005,100,500,0.99,3,2,7,2,100,640,1.92691,0.081563,0.4388
False,True,10,0.005,100,500,0.99,3,2,7,2,100,650,2.23953,0.0841839,0.4028
False,True,10,0.005,100,500,0.99,3,2,7,2,100,660,1.79412,0.0801935,0.4613
False,True,10,0.005,100,500,0.99,3,2,7,2,100,670,1.84025,0.0809733,0.4322
False,True,10,0.005,100,500,0.99,3,2,7,2,100,680,1.44368,0.0756695,0.5575
False,True,10,0.005,100,500,0.99,3,2,7,2,100,690,1.22694,0.0703307,0.6173
False,True,10,0.005,100,500,0.99,3,2,7,2,100,700,1.27776,0.0687624,0.6528
False,True,10,0.005,100,500,0.99,3,2,7,2,100,710,1.03338,0.0657244,0.6893
False,True,10,0.005,100,500,0.99,3,2,7,2,100,720,1.44948,0.0732543,0.5613
False,True,10,0.005,100,500,0.99,3,2,7,2,100,730,1.09989,0.0655928,0.6921
False,True,10,0.005,100,500,0.99,3,2,7,2,100,740,0.81808,0.0585525,0.7631
False,True,10,0.005,100,500,0.99,3,2,7,2,100,750,0.905075,0.0585441,0.7655
False,True,10,0.005,100,500,0.99,3,2,7,2,100,760,0.711236,0.0534521,0.8121
False,True,10,0.005,100,500,0.99,3,2,7,2,100,770,0.606438,0.0518769,0.8228
False,True,10,0.005,100,500,0.99,3,2,7,2,100,780,0.58617,0.0501285,0.8381
False,True,10,0.005,100,500,0.99,3,2,7,2,100,790,0.671802,0.0485436,0.8504
False,True,10,0.005,100,500,0.99,3,2,7,2,100,800,0.495585,0.0426757,0.8924
False,True,10,0.005,100,500,0.99,3,2,7,2,100,810,0.38874,0.0379008,0.9101
False,True,10,0.005,100,500,0.99,3,2,7,2,100,820,0.344891,0.0357303,0.9226
False,True,10,0.005,100,500,0.99,3,2,7,2,100,830,0.292719,0.0325525,0.9314
False,True,10,0.005,100,500,0.99,3,2,7,2,100,840,0.261803,0.0314849,0.9343
False,True,10,0.005,100,500,0.99,3,2,7,2,100,850,0.301817,0.0346549,0.9275
False,True,10,0.005,100,500,0.99,3,2,7,2,100,860,0.390906,0.0391431,0.8997
False,True,10,0.005,100,500,0.99,3,2,7,2,100,870,0.379033,0.0369994,0.9037
False,True,10,0.005,100,500,0.99,3,2,7,2,100,880,0.45261,0.0381885,0.9062
False,True,10,0.005,100,500,0.99,3,2,7,2,100,890,0.317203,0.036601,0.9092
False,True,10,0.005,100,500,0.99,3,2,7,2,100,900,0.348603,0.038772,0.8914
False,True,10,0.005,100,500,0.99,3,2,7,2,100,910,0.45488,0.0382748,0.8989
False,True,10,0.005,100,500,0.99,3,2,7,2,100,920,0.625183,0.0480507,0.8429
False,True,10,0.005,100,500,0.99,3,2,7,2,100,930,1.10555,0.063213,0.7026
False,True,10,0.005,100,500,0.99,3,2,7,2,100,940,0.672594,0.0523974,0.8068
False,True,10,0.005,100,500,0.99,3,2,7,2,100,950,0.469858,0.0431085,0.8881
False,True,10,0.005,100,500,0.99,3,2,7,2,100,960,0.751097,0.0478151,0.8496
False,True,10,0.005,100,500,0.99,3,2,7,2,100,970,0.497439,0.0428222,0.8728
False,True,10,0.005,100,500,0.99,3,2,7,2,100,980,0.290807,0.0317086,0.9355
False,True,10,0.005,100,500,0.99,3,2,7,2,100,990,0.41457,0.0390075,0.8874
False,True,10,0.005,100,500,0.99,3,2,7,2,100,1000,0.631969,0.0503116,0.8132
False,True,10,0.005,100,500,0.99,3,2,7,2,100,1010,4.73687,0.100714,0.1032
False,True,10,0.005,100,500,0.99,3,2,7,2,100,1020,2.70382,0.0917782,0.2709
False,True,10,0.005,100,500,0.99,3,2,7,2,100,1030,1.98696,0.0851573,0.4072
False,True,10,0.005,100,500,0.99,3,2,7,2,100,1040,1.52397,0.0759337,0.5518
False,True,10,0.005,100,500,0.99,3,2,7,2,100,1050,1.42279,0.0724506,0.6187
False,True,10,0.005,100,500,0.99,3,2,7,2,100,1060,1.14384,0.0673384,0.6702
False,True,10,0.005,100,500,0.99,3,2,7,2,100,1070,1.03187,0.0636069,0.7217
False,True,10,0.005,100,500,0.99,3,2,7,2,100,1080,0.732097,0.0546525,0.7998
False,True,10,0.005,100,500,0.99,3,2,7,2,100,1090,0.738235,0.0523975,0.8175
False,True,10,0.005,100,500,0.99,3,2,7,2,100,1100,0.712366,0.0504911,0.8284
False,True,10,0.005,100,500,0.99,3,2,7,2,100,1110,0.583436,0.0493681,0.8364
False,True,10,0.005,100,500,0.99,3,2,7,2,100,1120,0.692491,0.0468554,0.8462
False,True,10,0.005,100,500,0.99,3,2,7,2,100,1130,0.614722,0.0471666,0.8354
False,True,10,0.005,100,500,0.99,3,2,7,2,100,1140,0.484309,0.0435454,0.8645
False,True,10,0.005,100,500,0.99,3,2,7,2,100,1150,0.574092,0.0470385,0.8498
False,True,10,0.005,100,500,0.99,3,2,7,2,100,1160,0.443486,0.0411997,0.8805
False,True,10,0.005,100,500,0.99,3,2,7,2,100,1170,0.590445,0.0437264,0.8789
False,True,10,0.005,100,500,0.99,3,2,7,2,100,1180,0.505389,0.0442371,0.8648
False,True,10,0.005,100,500,0.99,3,2,7,2,100,1190,0.444061,0.0407494,0.888
False,True,10,0.005,100,500,0.99,3,2,7,2,100,1200,0.527629,0.0423133,0.8736
False,True,10,0.005,100,500,0.99,3,2,7,2,100,1210,0.418965,0.0366763,0.9033
False,True,10,0.005,100,500,0.99,3,2,7,2,100,1220,0.312784,0.0319766,0.9287
False,True,10,0.005,100,500,0.99,3,2,7,2,100,1230,0.745438,0.0509337,0.8148
False,True,10,0.005,100,500,0.99,3,2,7,2,100,1240,0.431104,0.0410617,0.8757
False,True,10,0.005,100,500,0.99,3,2,7,2,100,1250,0.330527,0.0332788,0.9278
False,True,10,0.005,100,500,0.99,3,2,7,2,100,1260,0.313253,0.0336499,0.9186
False,True,10,0.005,100,500,0.99,3,2,7,2,100,1270,0.328308,0.0339948,0.9199
False,True,10,0.005,100,500,0.99,3,2,7,2,100,1280,0.281486,0.0326592,0.9253
False,True,10,0.005,100,500,0.99,3,2,7,2,100,1290,0.362134,0.0336583,0.9186
False,True,10,0.005,100,500,0.99,3,2,7,2,100,1300,0.238313,0.0286419,0.9411
False,True,10,0.005,100,500,0.99,3,2,7,2,100,1310,0.278579,0.0291176,0.9401
False,True,10,0.005,100,500,0.99,3,2,7,2,100,1320,0.271421,0.0318096,0.9315
False,True,10,0.005,100,500,0.99,3,2,7,2,100,1330,0.347835,0.035119,0.9148
False,True,10,0.005,100,500,0.99,3,2,7,2,100,1340,0.41872,0.0363409,0.9001
False,True,10,0.005,100,500,0.99,3,2,7,2,100,1350,0.260346,0.03056,0.9331
False,True,10,0.005,100,500,0.99,3,2,7,2,100,1360,0.225887,0.0275572,0.9466
False,True,10,0.005,100,500,0.99,3,2,7,2,100,1370,0.23485,0.0298712,0.9294
False,True,10,0.005,100,500,0.99,3,2,7,2,100,1380,0.6869,0.0525914,0.7913
False,True,10,0.005,100,500,0.99,3,2,7,2,100,1390,0.408276,0.040758,0.8809
False,True,10,0.005,100,500,0.99,3,2,7,2,100,1400,0.439511,0.038414,0.9018
False,True,10,0.005,100,500,0.99,3,2,7,2,100,1410,0.365549,0.0355798,0.9089
False,True,10,0.005,100,500,0.99,3,2,7,2,100,1420,0.267995,0.0301908,0.9325
False,True,10,0.005,100,500,0.99,3,2,7,2,100,1430,0.335213,0.0331588,0.9199
False,True,10,0.005,100,500,0.99,3,2,7,2,100,1440,0.252751,0.0296144,0.9379
False,True,10,0.005,100,500,0.99,3,2,7,2,100,1450,0.220078,0.0290532,0.9363
False,True,10,0.005,100,500,0.99,3,2,7,2,100,1460,0.234701,0.0299543,0.9305
False,True,10,0.005,100,500,0.99,3,2,7,2,100,1470,0.191943,0.0253909,0.9535
False,True,10,0.005,100,500,0.99,3,2,7,2,100,1480,0.202599,0.0270564,0.945
False,True,10,0.005,100,500,0.99,3,2,7,2,100,1490,0.193767,0.0251784,0.9554
False,True,10,0.005,100,500,0.99,3,2,7,2,100,1500,3.68193,0.0963812,0.3037
False,True,10,0.005,100,500,0.99,3,2,7,2,100,1510,4.72014,0.100446,0.0324
False,True,10,0.005,100,500,0.99,3,2,7,2,100,1520,3.70576,0.0975081,0.1116
False,True,10,0.005,100,500,0.99,3,2,7,2,100,1530,3.00348,0.0926475,0.2598
False,True,10,0.005,100,500,0.99,3,2,7,2,100,1540,2.51433,0.0874535,0.3493
False,True,10,0.005,100,500,0.99,3,2,7,2,100,1550,2.14491,0.0844403,0.4003
False,True,10,0.005,100,500,0.99,3,2,7,2,100,1560,2.01854,0.0825456,0.4758
False,True,10,0.005,100,500,0.99,3,2,7,2,100,1570,1.77711,0.0804102,0.4839
False,True,10,0.005,100,500,0.99,3,2,7,2,100,1580,1.51796,0.0750685,0.5761
False,True,10,0.005,100,500,0.99,3,2,7,2,100,1590,1.5031,0.0753722,0.5698
False,True,10,0.005,100,500,0.99,3,2,7,2,100,1600,1.44737,0.0733602,0.5961
False,True,10,0.005,100,500,0.99,3,2,7,2,100,1610,1.24418,0.0692921,0.6504
False,True,10,0.005,100,500,0.99,3,2,7,2,100,1620,1.32667,0.0708982,0.6279
False,True,10,0.005,100,500,0.99,3,2,7,2,100,1630,1.64819,0.07876,0.4956
False,True,10,0.005,100,500,0.99,3,2,7,2,100,1640,1.94702,0.0805785,0.4818
False,True,10,0.005,100,500,0.99,3,2,7,2,100,1650,1.40708,0.0737277,0.5694
False,True,10,0.005,100,500,0.99,3,2,7,2,100,1660,1.26969,0.070301,0.6158
False,True,10,0.005,100,500,0.99,3,2,7,2,100,1670,1.13048,0.0676017,0.7005
False,True,10,0.005,100,500,0.99,3,2,7,2,100,1680,1.01495,0.0643711,0.7086
False,True,10,0.005,100,500,0.99,3,2,7,2,100,1690,0.753381,0.0556775,0.8038
False,True,10,0.005,100,500,0.99,3,2,7,2,100,1700,0.685566,0.0535818,0.821
False,True,10,0.005,100,500,0.99,3,2,7,2,100,1710,0.712782,0.0522374,0.8424
False,True,10,0.005,100,500,0.99,3,2,7,2,100,1720,0.589599,0.0496092,0.8551
False,True,10,0.005,100,500,0.99,3,2,7,2,100,1730,0.589555,0.0469212,0.8691
False,True,10,0.005,100,500,0.99,3,2,7,2,100,1740,0.446154,0.0416882,0.8975
False,True,10,0.005,100,500,0.99,3,2,7,2,100,1750,0.475683,0.0427531,0.8964
False,True,10,0.005,100,500,0.99,3,2,7,2,100,1760,0.610174,0.0444548,0.8816
False,True,10,0.005,100,500,0.99,3,2,7,2,100,1770,0.412414,0.0402782,0.9005
False,True,10,0.005,100,500,0.99,3,2,7,2,100,1780,0.35513,0.0367178,0.9228
False,True,10,0.005,100,500,0.99,3,2,7,2,100,1790,0.368684,0.0366282,0.917
False,True,10,0.005,100,500,0.99,3,2,7,2,100,1800,0.537609,0.0468721,0.8502
False,True,10,0.005,100,500,0.99,3,2,7,2,100,1810,0.456081,0.0426522,0.8733
False,True,10,0.005,100,500,0.99,3,2,7,2,100,1820,0.500316,0.0461049,0.8557
False,True,10,0.005,100,500,0.99,3,2,7,2,100,1830,0.386541,0.0345817,0.9269
False,True,10,0.005,100,500,0.99,3,2,7,2,100,1840,0.431322,0.0415153,0.8897
False,True,10,0.005,100,500,0.99,3,2,7,2,100,1850,0.380758,0.0376854,0.9043
False,True,10,0.005,100,500,0.99,3,2,7,2,100,1860,0.376184,0.0368988,0.9035
False,True,10,0.005,100,500,0.99,3,2,7,2,100,1870,0.386213,0.0346901,0.914
False,True,10,0.005,100,500,0.99,3,2,7,2,100,1880,0.367417,0.0367982,0.911
False,True,10,0.005,100,500,0.99,3,2,7,2,100,1890,0.345441,0.0331939,0.9264
False,True,10,0.005,100,500,0.99,3,2,7,2,100,1900,0.437329,0.0366625,0.913
False,True,10,0.005,100,500,0.99,3,2,7,2,100,1910,0.428992,0.0427262,0.8702
False,True,10,0.005,100,500,0.99,3,2,7,2,100,1920,0.256248,0.0313266,0.9315
False,True,10,0.005,100,500,0.99,3,2,7,2,100,1930,0.295228,0.0310628,0.929
False,True,10,0.005,100,500,0.99,3,2,7,2,100,1940,0.213981,0.0273037,0.9492
False,True,10,0.005,100,500,0.99,3,2,7,2,100,1950,0.223868,0.028999,0.941
False,True,10,0.005,100,500,0.99,3,2,7,2,100,1960,0.257198,0.0304133,0.9361
False,True,10,0.005,100,500,0.99,3,2,7,2,100,1970,0.214055,0.0284963,0.9412
False,True,10,0.005,100,500,0.99,3,2,7,2,100,1980,0.191721,0.0255566,0.9557
False,True,10,0.005,100,500,0.99,3,2,7,2,100,1990,0.2042,0.0265751,0.9482
False,True,10,0.005,100,500,0.99,3,2,7,2,100,2000,0.224397,0.0292345,0.9395
False,True,10,0.005,100,500,0.99,3,2,7,2,100,2010,5.19878,0.10456,0.1149
False,True,10,0.005,100,500,0.99,3,2,7,2,100,2020,2.73876,0.0909862,0.2659
False,True,10,0.005,100,500,0.99,3,2,7,2,100,2030,1.94165,0.0798553,0.477
False,True,10,0.005,100,500,0.99,3,2,7,2,100,2040,1.58645,0.0747307,0.5625
False,True,10,0.005,100,500,0.99,3,2,7,2,100,2050,1.21241,0.0675535,0.6862
False,True,10,0.005,100,500,0.99,3,2,7,2,100,2060,0.94013,0.0592553,0.7832
False,True,10,0.005,100,500,0.99,3,2,7,2,100,2070,0.871502,0.0566756,0.7954
False,True,10,0.005,100,500,0.99,3,2,7,2,100,2080,0.661037,0.0504238,0.8504
False,True,10,0.005,100,500,0.99,3,2,7,2,100,2090,0.588359,0.0451949,0.8774
False,True,10,0.005,100,500,0.99,3,2,7,2,100,2100,0.576434,0.0462076,0.8622
False,True,10,0.005,100,500,0.99,3,2,7,2,100,2110,0.501959,0.0434457,0.8793
False,True,10,0.005,100,500,0.99,3,2,7,2,100,2120,0.442433,0.0397125,0.898
False,True,10,0.005,100,500,0.99,3,2,7,2,100,2130,0.368801,0.036802,0.9109
False,True,10,0.005,100,500,0.99,3,2,7,2,100,2140,0.340699,0.0334211,0.928
False,True,10,0.005,100,500,0.99,3,2,7,2,100,2150,0.367332,0.0368862,0.9104
False,True,10,0.005,100,500,0.99,3,2,7,2,100,2160,0.326246,0.0342443,0.922
False,True,10,0.005,100,500,0.99,3,2,7,2,100,2170,0.420471,0.0360675,0.9091
False,True,10,0.005,100,500,0.99,3,2,7,2,100,2180,0.32945,0.0360323,0.9188
False,True,10,0.005,100,500,0.99,3,2,7,2,100,2190,0.278189,0.0312795,0.9294
False,True,10,0.005,100,500,0.99,3,2,7,2,100,2200,0.332234,0.0331983,0.9169
False,True,10,0.005,100,500,0.99,3,2,7,2,100,2210,0.33721,0.0341424,0.9182
False,True,10,0.005,100,500,0.99,3,2,7,2,100,2220,0.341483,0.0338003,0.9175
False,True,10,0.005,100,500,0.99,3,2,7,2,100,2230,0.29496,0.0290542,0.9431
False,True,10,0.005,100,500,0.99,3,2,7,2,100,2240,0.294149,0.0303227,0.9393
False,True,10,0.005,100,500,0.99,3,2,7,2,100,2250,0.299036,0.0327299,0.9212
False,True,10,0.005,100,500,0.99,3,2,7,2,100,2260,0.337525,0.0322725,0.9194
False,True,10,0.005,100,500,0.99,3,2,7,2,100,2270,0.230901,0.0289423,0.9413
False,True,10,0.005,100,500,0.99,3,2,7,2,100,2280,0.269727,0.0329304,0.9244
False,True,10,0.005,100,500,0.99,3,2,7,2,100,2290,0.270465,0.0314988,0.9268
False,True,10,0.005,100,500,0.99,3,2,7,2,100,2300,0.239892,0.0309351,0.9283
False,True,10,0.005,100,500,0.99,3,2,7,2,100,2310,0.20734,0.0283507,0.9416
False,True,10,0.005,100,500,0.99,3,2,7,2,100,2320,0.358408,0.0341132,0.9149
False,True,10,0.005,100,500,0.99,3,2,7,2,100,2330,0.32623,0.0330195,0.9271
False,True,10,0.005,100,500,0.99,3,2,7,2,100,2340,0.312489,0.0298073,0.9372
False,True,10,0.005,100,500,0.99,3,2,7,2,100,2350,0.215581,0.026522,0.9536
False,True,10,0.005,100,500,0.99,3,2,7,2,100,2360,0.190297,0.0255941,0.9535
False,True,10,0.005,100,500,0.99,3,2,7,2,100,2370,0.155385,0.0229872,0.9618
False,True,10,0.005,100,500,0.99,3,2,7,2,100,2380,0.229128,0.0279265,0.9445
False,True,10,0.005,100,500,0.99,3,2,7,2,100,2390,0.213078,0.0283621,0.9436
False,True,10,0.005,100,500,0.99,3,2,7,2,100,2400,0.266078,0.0293126,0.9384
False,True,10,0.005,100,500,0.99,3,2,7,2,100,2410,0.279507,0.0283482,0.9399
False,True,10,0.005,100,500,0.99,3,2,7,2,100,2420,0.181779,0.026965,0.9465
False,True,10,0.005,100,500,0.99,3,2,7,2,100,2430,0.13293,0.021051,0.9686
False,True,10,0.005,100,500,0.99,3,2,7,2,100,2440,0.357263,0.033536,0.922
False,True,10,0.005,100,500,0.99,3,2,7,2,100,2450,0.125186,0.0201104,0.9702
False,True,10,0.005,100,500,0.99,3,2,7,2,100,2460,0.237228,0.0298517,0.9376
False,True,10,0.005,100,500,0.99,3,2,7,2,100,2470,0.175299,0.0263668,0.951
False,True,10,0.005,100,500,0.99,3,2,7,2,100,2480,0.1663,0.0232274,0.9602
False,True,10,0.005,100,500,0.99,3,2,7,2,100,2490,0.169523,0.0258237,0.9487
False,True,10,0.005,100,500,0.99,3,2,7,2,100,2500,0.186148,0.0265369,0.9493
False,True,10,0.005,100,500,0.99,3,2,7,2,100,2510,4.84918,0.101263,0.1193
False,True,10,0.005,100,500,0.99,3,2,7,2,100,2520,3.02845,0.0929892,0.2442
False,True,10,0.005,100,500,0.99,3,2,7,2,100,2530,2.1472,0.0846278,0.4361
False,True,10,0.005,100,500,0.99,3,2,7,2,100,2540,1.61737,0.0772294,0.5685
False,True,10,0.005,100,500,0.99,3,2,7,2,100,2550,1.40356,0.0717194,0.6337
False,True,10,0.005,100,500,0.99,3,2,7,2,100,2560,1.00723,0.0624302,0.742
False,True,10,0.005,100,500,0.99,3,2,7,2,100,2570,0.831444,0.0562173,0.8158
False,True,10,0.005,100,500,0.99,3,2,7,2,100,2580,0.774937,0.0528865,0.832
False,True,10,0.005,100,500,0.99,3,2,7,2,100,2590,0.655601,0.0485911,0.8634
False,True,10,0.005,100,500,0.99,3,2,7,2,100,2600,0.606589,0.0483491,0.8525
False,True,10,0.005,100,500,0.99,3,2,7,2,100,2610,0.609873,0.0425552,0.8961
False,True,10,0.005,100,500,0.99,3,2,7,2,100,2620,0.467803,0.0402501,0.8987
False,True,10,0.005,100,500,0.99,3,2,7,2,100,2630,0.374983,0.0365341,0.9216
False,True,10,0.005,100,500,0.99,3,2,7,2,100,2640,0.49547,0.0424549,0.8835
False,True,10,0.005,100,500,0.99,3,2,7,2,100,2650,0.325287,0.0334519,0.9307
False,True,10,0.005,100,500,0.99,3,2,7,2,100,2660,0.33054,0.0337131,0.9237
False,True,10,0.005,100,500,0.99,3,2,7,2,100,2670,0.325916,0.0338287,0.9277
False,True,10,0.005,100,500,0.99,3,2,7,2,100,2680,0.370792,0.0352554,0.9195
False,True,10,0.005,100,500,0.99,3,2,7,2,100,2690,0.292921,0.0321859,0.9216
False,True,10,0.005,100,500,0.99,3,2,7,2,100,2700,0.226356,0.0264471,0.9548
False,True,10,0.005,100,500,0.99,3,2,7,2,100,2710,0.20753,0.0257334,0.9573
False,True,10,0.005,100,500,0.99,3,2,7,2,100,2720,0.309626,0.0326548,0.9187
False,True,10,0.005,100,500,0.99,3,2,7,2,100,2730,0.350568,0.0336971,0.9217
False,True,10,0.005,100,500,0.99,3,2,7,2,100,2740,0.28594,0.0317891,0.9238
False,True,10,0.005,100,500,0.99,3,2,7,2,100,2750,0.230225,0.0284336,0.9394
False,True,10,0.005,100,500,0.99,3,2,7,2,100,2760,0.237844,0.0284986,0.9413
False,True,10,0.005,100,500,0.99,3,2,7,2,100,2770,0.206283,0.0266961,0.9461
False,True,10,0.005,100,500,0.99,3,2,7,2,100,2780,0.260806,0.0275799,0.9477
False,True,10,0.005,100,500,0.99,3,2,7,2,100,2790,0.18483,0.0245767,0.9519
False,True,10,0.005,100,500,0.99,3,2,7,2,100,2800,0.308603,0.0333568,0.9231
False,True,10,0.005,100,500,0.99,3,2,7,2,100,2810,0.253641,0.0308436,0.9332
False,True,10,0.005,100,500,0.99,3,2,7,2,100,2820,0.189741,0.026022,0.9513
False,True,10,0.005,100,500,0.99,3,2,7,2,100,2830,0.273164,0.0298882,0.9324
False,True,10,0.005,100,500,0.99,3,2,7,2,100,2840,0.205982,0.0275336,0.9492
False,True,10,0.005,100,500,0.99,3,2,7,2,100,2850,0.26183,0.0283354,0.9417
False,True,10,0.005,100,500,0.99,3,2,7,2,100,2860,0.234643,0.0258225,0.9548
False,True,10,0.005,100,500,0.99,3,2,7,2,100,2870,0.168992,0.0244556,0.9546
False,True,10,0.005,100,500,0.99,3,2,7,2,100,2880,0.179478,0.0251081,0.9497
False,True,10,0.005,100,500,0.99,3,2,7,2,100,2890,0.16951,0.0241223,0.957
False,True,10,0.005,100,500,0.99,3,2,7,2,100,2900,0.18148,0.0246815,0.9564
False,True,10,0.005,100,500,0.99,3,2,7,2,100,2910,0.184292,0.0251161,0.9545
False,True,10,0.005,100,500,0.99,3,2,7,2,100,2920,0.192511,0.0252942,0.9507
False,True,10,0.005,100,500,0.99,3,2,7,2,100,2930,0.169884,0.0244546,0.9543
False,True,10,0.005,100,500,0.99,3,2,7,2,100,2940,0.313537,0.0294207,0.9416
False,True,10,0.005,100,500,0.99,3,2,7,2,100,2950,0.254942,0.02958,0.9416
False,True,10,0.005,100,500,0.99,3,2,7,2,100,2960,0.155693,0.0235805,0.9594
False,True,10,0.005,100,500,0.99,3,2,7,2,100,2970,0.200608,0.0273576,0.9502
False,True,10,0.005,100,500,0.99,3,2,7,2,100,2980,0.273398,0.0309724,0.9325
False,True,10,0.005,100,500,0.99,3,2,7,2,100,2990,0.141037,0.0227305,0.9616
False,True,10,0.005,100,500,0.99,3,2,7,2,100,3000,0.140658,0.022527,0.9617
False,True,10,0.005,100,500,0.99,3,2,7,2,100,3010,4.4938,0.0978188,0.1654
False,True,10,0.005,100,500,0.99,3,2,7,2,100,3020,2.80216,0.0894846,0.3068
False,True,10,0.005,100,500,0.99,3,2,7,2,100,3030,1.75393,0.0777857,0.5634
False,True,10,0.005,100,500,0.99,3,2,7,2,100,3040,1.30249,0.0684689,0.6998
False,True,10,0.005,100,500,0.99,3,2,7,2,100,3050,1.06138,0.0603824,0.7829
False,True,10,0.005,100,500,0.99,3,2,7,2,100,3060,0.765881,0.0528953,0.8448
False,True,10,0.005,100,500,0.99,3,2,7,2,100,3070,0.564329,0.0456689,0.8767
False,True,10,0.005,100,500,0.99,3,2,7,2,100,3080,0.598888,0.0448546,0.8817
False,True,10,0.005,100,500,0.99,3,2,7,2,100,3090,0.493213,0.0424376,0.8849
False,True,10,0.005,100,500,0.99,3,2,7,2,100,3100,0.534925,0.0431131,0.8718
False,True,10,0.005,100,500,0.99,3,2,7,2,100,3110,0.325435,0.0323997,0.9394
False,True,10,0.005,100,500,0.99,3,2,7,2,100,3120,0.420035,0.0391444,0.8928
False,True,10,0.005,100,500,0.99,3,2,7,2,100,3130,0.278095,0.0290822,0.9475
False,True,10,0.005,100,500,0.99,3,2,7,2,100,3140,0.220703,0.0274565,0.9455
False,True,10,0.005,100,500,0.99,3,2,7,2,100,3150,0.412894,0.0358436,0.8954
False,True,10,0.005,100,500,0.99,3,2,7,2,100,3160,0.33543,0.0335472,0.9259
False,True,10,0.005,100,500,0.99,3,2,7,2,100,3170,0.223541,0.0265761,0.9566
False,True,10,0.005,100,500,0.99,3,2,7,2,100,3180,0.204378,0.0256542,0.9519
False,True,10,0.005,100,500,0.99,3,2,7,2,100,3190,0.308545,0.0285667,0.941
False,True,10,0.005,100,500,0.99,3,2,7,2,100,3200,0.307132,0.0328167,0.9245
False,True,10,0.005,100,500,0.99,3,2,7,2,100,3210,0.447347,0.0411806,0.878
False,True,10,0.005,100,500,0.99,3,2,7,2,100,3220,0.286971,0.032919,0.9226
False,True,10,0.005,100,500,0.99,3,2,7,2,100,3230,0.302928,0.0298898,0.9394
False,True,10,0.005,100,500,0.99,3,2,7,2,100,3240,0.281666,0.0315431,0.9309
False,True,10,0.005,100,500,0.99,3,2,7,2,100,3250,0.248293,0.0292354,0.9464
False,True,10,0.005,100,500,0.99,3,2,7,2,100,3260,0.133337,0.0202819,0.9701
False,True,10,0.005,100,500,0.99,3,2,7,2,100,3270,0.268171,0.0290084,0.9374
False,True,10,0.005,100,500,0.99,3,2,7,2,100,3280,0.129716,0.0199611,0.9721
False,True,10,0.005,100,500,0.99,3,2,7,2,100,3290,0.162868,0.0227763,0.9612
False,True,10,0.005,100,500,0.99,3,2,7,2,100,3300,0.125796,0.0197662,0.9712
False,True,10,0.005,100,500,0.99,3,2,7,2,100,3310,0.177104,0.0240615,0.9543
False,True,10,0.005,100,500,0.99,3,2,7,2,100,3320,0.118869,0.0193722,0.9731
False,True,10,0.005,100,500,0.99,3,2,7,2,100,3330,0.229964,0.0283525,0.9404
False,True,10,0.005,100,500,0.99,3,2,7,2,100,3340,0.126892,0.0202966,0.9714
False,True,10,0.005,100,500,0.99,3,2,7,2,100,3350,0.116272,0.0193201,0.9727
False,True,10,0.005,100,500,0.99,3,2,7,2,100,3360,0.24336,0.0318698,0.9277
False,True,10,0.005,100,500,0.99,3,2,7,2,100,3370,0.194883,0.0285452,0.9368
False,True,10,0.005,100,500,0.99,3,2,7,2,100,3380,0.171076,0.0245805,0.9535
False,True,10,0.005,100,500,0.99,3,2,7,2,100,3390,0.218702,0.02539,0.9591
False,True,10,0.005,100,500,0.99,3,2,7,2,100,3400,0.133169,0.0212382,0.9651
False,True,10,0.005,100,500,0.99,3,2,7,2,100,3410,0.160754,0.0233823,0.9603
False,True,10,0.005,100,500,0.99,3,2,7,2,100,3420,0.153449,0.0236902,0.9548
False,True,10,0.005,100,500,0.99,3,2,7,2,100,3430,0.252614,0.0283734,0.9406
False,True,10,0.005,100,500,0.99,3,2,7,2,100,3440,0.135433,0.0229011,0.9619
False,True,10,0.005,100,500,0.99,3,2,7,2,100,3450,0.0991434,0.0177245,0.976
False,True,10,0.005,100,500,0.99,3,2,7,2,100,3460,0.118345,0.0194951,0.9731
False,True,10,0.005,100,500,0.99,3,2,7,2,100,3470,0.142518,0.0237981,0.9576
False,True,10,0.005,100,500,0.99,3,2,7,2,100,3480,0.11215,0.0195228,0.9728
False,True,10,0.005,100,500,0.99,3,2,7,2,100,3490,0.198894,0.0280031,0.9447
False,True,10,0.005,100,500,0.99,3,2,7,2,100,3500,0.153729,0.0233343,0.954
False,True,10,0.005,100,500,0.99,3,2,7,2,100,3510,4.18044,0.0982036,0.1475
False,True,10,0.005,100,500,0.99,3,2,7,2,100,3520,2.41161,0.0856471,0.4036
False,True,10,0.005,100,500,0.99,3,2,7,2,100,3530,1.55048,0.0706598,0.6411
False,True,10,0.005,100,500,0.99,3,2,7,2,100,3540,1.04608,0.0595021,0.7728
False,True,10,0.005,100,500,0.99,3,2,7,2,100,3550,0.706797,0.0489692,0.8437
False,True,10,0.005,100,500,0.99,3,2,7,2,100,3560,0.49447,0.041757,0.8838
False,True,10,0.005,100,500,0.99,3,2,7,2,100,3570,0.450126,0.0397253,0.8961
False,True,10,0.005,100,500,0.99,3,2,7,2,100,3580,0.387669,0.0369258,0.9066
False,True,10,0.005,100,500,0.99,3,2,7,2,100,3590,0.456183,0.03906,0.8933
False,True,10,0.005,100,500,0.99,3,2,7,2,100,3600,0.314062,0.0336184,0.929
False,True,10,0.005,100,500,0.99,3,2,7,2,100,3610,0.292983,0.0306996,0.9386
False,True,10,0.005,100,500,0.99,3,2,7,2,100,3620,0.313041,0.0321374,0.9381
False,True,10,0.005,100,500,0.99,3,2,7,2,100,3630,0.329886,0.0329725,0.9201
False,True,10,0.005,100,500,0.99,3,2,7,2,100,3640,0.258562,0.0269029,0.9526
False,True,10,0.005,100,500,0.99,3,2,7,2,100,3650,0.2115,0.0267205,0.9477
False,True,10,0.005,100,500,0.99,3,2,7,2,100,3660,0.194675,0.0250317,0.9583
False,True,10,0.005,100,500,0.99,3,2,7,2,100,3670,0.244978,0.0283658,0.9438
False,True,10,0.005,100,500,0.99,3,2,7,2,100,3680,0.15327,0.0214531,0.9687
False,True,10,0.005,100,500,0.99,3,2,7,2,100,3690,0.225508,0.026342,0.9562
False,True,10,0.005,100,500,0.99,3,2,7,2,100,3700,0.242057,0.0283116,0.9433
False,True,10,0.005,100,500,0.99,3,2,7,2,100,3710,0.253634,0.0316728,0.9354
False,True,10,0.005,100,500,0.99,3,2,7,2,100,3720,0.198065,0.0258204,0.9501
False,True,10,0.005,100,500,0.99,3,2,7,2,100,3730,0.151074,0.022107,0.9639
False,True,10,0.005,100,500,0.99,3,2,7,2,100,3740,0.284412,0.0283878,0.9433
False,True,10,0.005,100,500,0.99,3,2,7,2,100,3750,0.133989,0.020309,0.9699
False,True,10,0.005,100,500,0.99,3,2,7,2,100,3760,0.150289,0.0225214,0.9632
False,True,10,0.005,100,500,0.99,3,2,7,2,100,3770,0.136881,0.0207604,0.97
False,True,10,0.005,100,500,0.99,3,2,7,2,100,3780,0.131873,0.0211173,0.9675
False,True,10,0.005,100,500,0.99,3,2,7,2,100,3790,0.119728,0.0196216,0.9703
False,True,10,0.005,100,500,0.99,3,2,7,2,100,3800,0.126463,0.0202512,0.9705
False,True,10,0.005,100,500,0.99,3,2,7,2,100,3810,0.114435,0.0192194,0.973
False,True,10,0.005,100,500,0.99,3,2,7,2,100,3820,0.136851,0.0224,0.9632
False,True,10,0.005,100,500,0.99,3,2,7,2,100,3830,0.109557,0.0187325,0.9744
False,True,10,0.005,100,500,0.99,3,2,7,2,100,3840,0.150343,0.0235979,0.9597
False,True,10,0.005,100,500,0.99,3,2,7,2,100,3850,0.180074,0.0236678,0.9574
False,True,10,0.005,100,500,0.99,3,2,7,2,100,3860,0.152456,0.0237982,0.9583
False,True,10,0.005,100,500,0.99,3,2,7,2,100,3870,0.195326,0.0264148,0.9515
False,True,10,0.005,100,500,0.99,3,2,7,2,100,3880,0.11495,0.0195835,0.9728
False,True,10,0.005,100,500,0.99,3,2,7,2,100,3890,0.179449,0.0251577,0.9579
False,True,10,0.005,100,500,0.99,3,2,7,2,100,3900,0.125273,0.0217218,0.9665
False,True,10,0.005,100,500,0.99,3,2,7,2,100,3910,0.125363,0.0211188,0.9702
False,True,10,0.005,100,500,0.99,3,2,7,2,100,3920,0.105038,0.0186902,0.9743
False,True,10,0.005,100,500,0.99,3,2,7,2,100,3930,0.159399,0.0216708,0.9655
False,True,10,0.005,100,500,0.99,3,2,7,2,100,3940,0.138627,0.0213554,0.9655
False,True,10,0.005,100,500,0.99,3,2,7,2,100,3950,0.118493,0.0199011,0.971
False,True,10,0.005,100,500,0.99,3,2,7,2,100,3960,0.215812,0.0225078,0.962
False,True,10,0.005,100,500,0.99,3,2,7,2,100,3970,0.105267,0.0189734,0.9748
False,True,10,0.005,100,500,0.99,3,2,7,2,100,3980,0.108114,0.0186221,0.9738
False,True,10,0.005,100,500,0.99,3,2,7,2,100,3990,0.131804,0.0222053,0.9645
False,True,10,0.005,100,500,0.99,3,2,7,2,100,4000,0.122298,0.0204905,0.9681
False,True,10,0.005,100,500,0.99,3,2,7,2,100,4010,4.02893,0.0979239,0.1649
False,True,10,0.005,100,500,0.99,3,2,7,2,100,4020,2.21844,0.0824314,0.4852
False,True,10,0.005,100,500,0.99,3,2,7,2,100,4030,1.18182,0.06478,0.7142
False,True,10,0.005,100,500,0.99,3,2,7,2,100,4040,0.785223,0.0526532,0.8341
False,True,10,0.005,100,500,0.99,3,2,7,2,100,4050,0.492612,0.0429319,0.8859
False,True,10,0.005,100,500,0.99,3,2,7,2,100,4060,0.56996,0.0420068,0.8868
False,True,10,0.005,100,500,0.99,3,2,7,2,100,4070,0.287072,0.0302581,0.9418
False,True,10,0.005,100,500,0.99,3,2,7,2,100,4080,0.454703,0.0372045,0.9028
False,True,10,0.005,100,500,0.99,3,2,7,2,100,4090,0.24781,0.0277392,0.9436
False,True,10,0.005,100,500,0.99,3,2,7,2,100,4100,0.295817,0.0309252,0.9308
False,True,10,0.005,100,500,0.99,3,2,7,2,100,4110,0.447405,0.0371261,0.8971
False,True,10,0.005,100,500,0.99,3,2,7,2,100,4120,0.42612,0.0362701,0.9014
False,True,10,0.005,100,500,0.99,3,2,7,2,100,4130,0.259927,0.0300289,0.9369
False,True,10,0.005,100,500,0.99,3,2,7,2,100,4140,0.367655,0.0349803,0.9106
False,True,10,0.005,100,500,0.99,3,2,7,2,100,4150,0.179285,0.0236216,0.9631
False,True,10,0.005,100,500,0.99,3,2,7,2,100,4160,0.182685,0.024435,0.9621
False,True,10,0.005,100,500,0.99,3,2,7,2,100,4170,0.356442,0.035023,0.9147
False,True,10,0.005,100,500,0.99,3,2,7,2,100,4180,0.206353,0.0254455,0.9465
False,True,10,0.005,100,500,0.99,3,2,7,2,100,4190,0.137995,0.0201412,0.9707
False,True,10,0.005,100,500,0.99,3,2,7,2,100,4200,0.148048,0.022672,0.9582
False,True,10,0.005,100,500,0.99,3,2,7,2,100,4210,0.135043,0.0206031,0.9705
False,True,10,0.005,100,500,0.99,3,2,7,2,100,4220,0.144149,0.0221866,0.9613
False,True,10,0.005,100,500,0.99,3,2,7,2,100,4230,0.215675,0.0260482,0.9502
False,True,10,0.005,100,500,0.99,3,2,7,2,100,4240,0.20549,0.0260544,0.9539
False,True,10,0.005,100,500,0.99,3,2,7,2,100,4250,0.136414,0.0210111,0.9635
False,True,10,0.005,100,500,0.99,3,2,7,2,100,4260,0.117397,0.0191826,0.973
False,True,10,0.005,100,500,0.99,3,2,7,2,100,4270,0.105625,0.0180261,0.9744
False,True,10,0.005,100,500,0.99,3,2,7,2,100,4280,0.121405,0.0194051,0.9721
False,True,10,0.005,100,500,0.99,3,2,7,2,100,4290,0.11598,0.019128,0.9718
False,True,10,0.005,100,500,0.99,3,2,7,2,100,4300,0.113315,0.0193369,0.9718
False,True,10,0.005,100,500,0.99,3,2,7,2,100,4310,0.101735,0.0177537,0.975
False,True,10,0.005,100,500,0.99,3,2,7,2,100,4320,0.132706,0.0217897,0.9594
False,True,10,0.005,100,500,0.99,3,2,7,2,100,4330,0.127337,0.02063,0.9666
False,True,10,0.005,100,500,0.99,3,2,7,2,100,4340,0.132612,0.0223098,0.9653
False,True,10,0.005,100,500,0.99,3,2,7,2,100,4350,0.280263,0.0299867,0.9361
False,True,10,0.005,100,500,0.99,3,2,7,2,100,4360,0.15426,0.0234153,0.9586
False,True,10,0.005,100,500,0.99,3,2,7,2,100,4370,0.112503,0.0197811,0.9672
False,True,10,0.005,100,500,0.99,3,2,7,2,100,4380,0.172992,0.0245258,0.956
False,True,10,0.005,100,500,0.99,3,2,7,2,100,4390,0.167339,0.0225935,0.9639
False,True,10,0.005,100,500,0.99,3,2,7,2,100,4400,0.118932,0.0204704,0.9687
False,True,10,0.005,100,500,0.99,3,2,7,2,100,4410,0.0856689,0.0166135,0.9769
False,True,10,0.005,100,500,0.99,3,2,7,2,100,4420,0.0908069,0.017277,0.9762
False,True,10,0.005,100,500,0.99,3,2,7,2,100,4430,0.0999229,0.0184803,0.975
False,True,10,0.005,100,500,0.99,3,2,7,2,100,4440,0.100013,0.0181591,0.9748
False,True,10,0.005,100,500,0.99,3,2,7,2,100,4450,0.0964067,0.0178823,0.9775
False,True,10,0.005,100,500,0.99,3,2,7,2,100,4460,0.0954311,0.0181339,0.9719
False,True,10,0.005,100,500,0.99,3,2,7,2,100,4470,0.157216,0.0251099,0.9558
False,True,10,0.005,100,500,0.99,3,2,7,2,100,4480,0.0846324,0.0166668,0.9778
False,True,10,0.005,100,500,0.99,3,2,7,2,100,4490,0.0955221,0.0172956,0.9764
False,True,10,0.005,100,500,0.99,3,2,7,2,100,4500,0.125772,0.0211418,0.9638
False,True,10,0.005,100,500,0.99,3,2,7,2,100,4510,3.38317,0.0939657,0.2617
False,True,10,0.005,100,500,0.99,3,2,7,2,100,4520,1.56601,0.0721519,0.6161
False,True,10,0.005,100,500,0.99,3,2,7,2,100,4530,1.0018,0.0587701,0.7669
False,True,10,0.005,100,500,0.99,3,2,7,2,100,4540,0.687665,0.0494061,0.8535
False,True,10,0.005,100,500,0.99,3,2,7,2,100,4550,0.664811,0.0473798,0.8539
False,True,10,0.005,100,500,0.99,3,2,7,2,100,4560,0.496849,0.0415722,0.8792
False,True,10,0.005,100,500,0.99,3,2,7,2,100,4570,0.403693,0.0385529,0.899
False,True,10,0.005,100,500,0.99,3,2,7,2,100,4580,0.361016,0.0362159,0.9054
False,True,10,0.005,100,500,0.99,3,2,7,2,100,4590,0.272662,0.0299855,0.9342
False,True,10,0.005,100,500,0.99,3,2,7,2,100,4600,0.269488,0.030194,0.9376
False,True,10,0.005,100,500,0.99,3,2,7,2,100,4610,0.29179,0.0318684,0.9304
False,True,10,0.005,100,500,0.99,3,2,7,2,100,4620,0.173524,0.0224188,0.9647
False,True,10,0.005,100,500,0.99,3,2,7,2,100,4630,0.264196,0.0293973,0.9446
False,True,10,0.005,100,500,0.99,3,2,7,2,100,4640,0.265786,0.0275031,0.9464
False,True,10,0.005,100,500,0.99,3,2,7,2,100,4650,0.186034,0.0250671,0.9559
False,True,10,0.005,100,500,0.99,3,2,7,2,100,4660,0.252341,0.0293697,0.9394
False,True,10,0.005,100,500,0.99,3,2,7,2,100,4670,0.148763,0.0218831,0.9653
False,True,10,0.005,100,500,0.99,3,2,7,2,100,4680,0.176653,0.0246643,0.9561
False,True,10,0.005,100,500,0.99,3,2,7,2,100,4690,0.15394,0.0231341,0.9602
False,True,10,0.005,100,500,0.99,3,2,7,2,100,4700,0.177299,0.0251341,0.9594
False,True,10,0.005,100,500,0.99,3,2,7,2,100,4710,0.184942,0.0255893,0.95
False,True,10,0.005,100,500,0.99,3,2,7,2,100,4720,0.162536,0.0237213,0.9592
False,True,10,0.005,100,500,0.99,3,2,7,2,100,4730,0.149377,0.0225346,0.9651
False,True,10,0.005,100,500,0.99,3,2,7,2,100,4740,0.12407,0.019924,0.9723
False,True,10,0.005,100,500,0.99,3,2,7,2,100,4750,0.166142,0.0261022,0.9472
False,True,10,0.005,100,500,0.99,3,2,7,2,100,4760,0.113988,0.0192012,0.9727
False,True,10,0.005,100,500,0.99,3,2,7,2,100,4770,0.135768,0.0222595,0.964
False,True,10,0.005,100,500,0.99,3,2,7,2,100,4780,0.133074,0.0217744,0.9588
False,True,10,0.005,100,500,0.99,3,2,7,2,100,4790,0.109968,0.0186353,0.9731
False,True,10,0.005,100,500,0.99,3,2,7,2,100,4800,0.120516,0.0215423,0.9641
False,True,10,0.005,100,500,0.99,3,2,7,2,100,4810,0.189864,0.0258503,0.9525
False,True,10,0.005,100,500,0.99,3,2,7,2,100,4820,0.119151,0.0198602,0.9718
False,True,10,0.005,100,500,0.99,3,2,7,2,100,4830,0.103782,0.0183852,0.9742
False,True,10,0.005,100,500,0.99,3,2,7,2,100,4840,0.195723,0.0265428,0.9448
False,True,10,0.005,100,500,0.99,3,2,7,2,100,4850,0.182719,0.0218888,0.9656
False,True,10,0.005,100,500,0.99,3,2,7,2,100,4860,0.120184,0.020758,0.9643
False,True,10,0.005,100,500,0.99,3,2,7,2,100,4870,0.126891,0.0210505,0.9659
False,True,10,0.005,100,500,0.99,3,2,7,2,100,4880,0.368099,0.0356139,0.9046
False,True,10,0.005,100,500,0.99,3,2,7,2,100,4890,0.15139,0.0231658,0.9554
False,True,10,0.005,100,500,0.99,3,2,7,2,100,4900,0.147765,0.0237415,0.9597
False,True,10,0.005,100,500,0.99,3,2,7,2,100,4910,0.149642,0.0235795,0.9563
False,True,10,0.005,100,500,0.99,3,2,7,2,100,4920,0.110248,0.01975,0.9713
False,True,10,0.005,100,500,0.99,3,2,7,2,100,4930,0.0929982,0.0175317,0.9751
False,True,10,0.005,100,500,0.99,3,2,7,2,100,4940,0.130283,0.0227265,0.9548
False,True,10,0.005,100,500,0.99,3,2,7,2,100,4950,0.0947256,0.0186728,0.9672
False,True,10,0.005,100,500,0.99,3,2,7,2,100,4960,0.119649,0.0216806,0.9587
False,True,10,0.005,100,500,0.99,3,2,7,2,100,4970,0.179627,0.0236024,0.9575
False,True,10,0.005,100,500,0.99,3,2,7,2,100,4980,0.16972,0.0223087,0.9627
False,True,10,0.005,100,500,0.99,3,2,7,2,100,4990,0.136146,0.0226969,0.9602
False,True,10,0.005,100,500,0.99,3,2,7,2,100,-1,10.9933,0.122204,0.0063
